<?xml version="1.0" encoding="UTF-8"?>
<config xmlns="http://www.knime.org/2008/09/XMLConfig" xmlns:xsi="http://www.w3.org/2001/XMLSchema-instance" xsi:schemaLocation="http://www.knime.org/2008/09/XMLConfig http://www.knime.org/XMLConfig_2008_09.xsd" key="MiningSchema">
<config key="learning">
<entry key="array-size" type="xint" value="13"/>
<entry key="0" type="xstring" value="CRIM"/>
<entry key="1" type="xstring" value="ZN"/>
<entry key="2" type="xstring" value="INDUS"/>
<entry key="3" type="xstring" value="CHAS"/>
<entry key="4" type="xstring" value="NOX"/>
<entry key="5" type="xstring" value="RM"/>
<entry key="6" type="xstring" value="AGE"/>
<entry key="7" type="xstring" value="DIS"/>
<entry key="8" type="xstring" value="RAD"/>
<entry key="9" type="xstring" value="TAX"/>
<entry key="10" type="xstring" value="PTRATIO"/>
<entry key="11" type="xstring" value="B"/>
<entry key="12" type="xstring" value="LSTAT"/>
</config>
<config key="target">
<entry key="array-size" type="xint" value="1"/>
<entry key="0" type="xstring" value="MEDV"/>
</config>
</config>
