<?xml version="1.0" encoding="UTF-8"?>
<config xmlns="http://www.knime.org/2008/09/XMLConfig" xmlns:xsi="http://www.w3.org/2001/XMLSchema-instance" xsi:schemaLocation="http://www.knime.org/2008/09/XMLConfig http://www.knime.org/XMLConfig_2008_09.xsd" key="MiningSchema">
<config key="learning">
<entry key="array-size" type="xint" value="17"/>
<entry key="0" type="xstring" value="BALANCE"/>
<entry key="1" type="xstring" value="BALANCE_FREQUENCY"/>
<entry key="2" type="xstring" value="PURCHASES"/>
<entry key="3" type="xstring" value="ONEOFF_PURCHASES"/>
<entry key="4" type="xstring" value="INSTALLMENTS_PURCHASES"/>
<entry key="5" type="xstring" value="CASH_ADVANCE"/>
<entry key="6" type="xstring" value="PURCHASES_FREQUENCY"/>
<entry key="7" type="xstring" value="ONEOFF_PURCHASES_FREQUENCY"/>
<entry key="8" type="xstring" value="PURCHASES_INSTALLMENTS_FREQUENCY"/>
<entry key="9" type="xstring" value="CASH_ADVANCE_FREQUENCY"/>
<entry key="10" type="xstring" value="CASH_ADVANCE_TRX"/>
<entry key="11" type="xstring" value="PURCHASES_TRX"/>
<entry key="12" type="xstring" value="CREDIT_LIMIT"/>
<entry key="13" type="xstring" value="PAYMENTS"/>
<entry key="14" type="xstring" value="MINIMUM_PAYMENTS"/>
<entry key="15" type="xstring" value="PRC_FULL_PAYMENT"/>
<entry key="16" type="xstring" value="TENURE"/>
</config>
<config key="target">
<entry key="array-size" type="xint" value="0"/>
</config>
</config>
